{"cameraMode":{"drawMode":0,"name":"Shaded","section":"Shading Mode"},"sceneLighting":false,"audioPlay":false,"sceneViewState":{"m_AlwaysRefresh":false,"showFog":true,"showSkybox":false,"showFlares":true,"showImageEffects":true,"showParticleSystems":true,"showVisualEffectGraphs":true,"m_FxEnabled":true},"in2DMode":false,"pivot":{"x":17.058000564575197,"y":1.3397220373153687,"z":8.848260879516602},"rotation":{"x":0.15089257061481477,"y":0.01927543431520462,"z":-0.0029427807312458755,"w":0.9883585572242737},"size":1.9514271020889283,"orthographic":true}